<?xml version="1.0" encoding="UTF-8"?>
<project-private xmlns="http://www.netbeans.org/ns/project-private/1">
    <data xmlns="http://www.netbeans.org/ns/make-project-private/1">
        <activeConfTypeElem>1</activeConfTypeElem>
        <activeConfIndexElem>0</activeConfIndexElem>
    </data>
    <editor-bookmarks xmlns="http://www.netbeans.org/ns/editor-bookmarks/2" lastBookmarkId="0"/>
    <open-files xmlns="http://www.netbeans.org/ns/projectui-open-files/2">
        <group>
            <file>file:/C:/Users/carba/Desktop/c++%20classes/CIS-17C/Projects/Carbajal%20,Natalia%20-%20Project%201-%2048209/Project_Ver4_Final/Board.h</file>
            <file>file:/C:/Users/carba/Desktop/c++%20classes/CIS-17C/Projects/Carbajal%20,Natalia%20-%20Project%201-%2048209/Project_Ver4_Final/Player.h</file>
            <file>file:/C:/Users/carba/Desktop/c++%20classes/CIS-17C/Projects/Carbajal%20,Natalia%20-%20Project%201-%2048209/Project_Ver4_Final/main.cpp</file>
            <file>file:/C:/Users/carba/Desktop/c++%20classes/CIS-17C/Projects/Carbajal%20,Natalia%20-%20Project%201-%2048209/Project_Ver4_Final/Player.cpp</file>
            <file>file:/C:/Users/carba/Desktop/c++%20classes/CIS-17C/Projects/Carbajal%20,Natalia%20-%20Project%201-%2048209/Project_Ver4_Final/GameState.cpp</file>
            <file>file:/C:/Users/carba/Desktop/c++%20classes/CIS-17C/Projects/Carbajal%20,Natalia%20-%20Project%201-%2048209/Project_Ver4_Final/Game.cpp</file>
            <file>file:/C:/Users/carba/Desktop/c++%20classes/CIS-17C/Projects/Carbajal%20,Natalia%20-%20Project%201-%2048209/Project_Ver4_Final/GameState.h</file>
            <file>file:/C:/Users/carba/Desktop/c++%20classes/CIS-17C/Projects/Carbajal%20,Natalia%20-%20Project%201-%2048209/Project_Ver4_Final/Board.cpp</file>
            <file>file:/C:/Users/carba/Desktop/c++%20classes/CIS-17C/Projects/Carbajal%20,Natalia%20-%20Project%201-%2048209/Project_Ver4_Final/Game.h</file>
        </group>
    </open-files>
</project-private>
